time_s,dx_m,dy_m,dz_m,rx_rad,ry_rad,rz_rad
0,0,0,0,0,0,0
0.0666666666667,0,0,0,0,0,0
0.133333333333,0,0,0,0,0,0
0.2,0,0,0,0,0,0
0.266666666667,0,0,0,0,0,0
0.333333333333,0,0,0,0,0,0
0.4,0,0,0,0,0,0
0.466666666667,0,0,0,0,0,0
0.533333333333,0,0,0,0,0,0
0.6,0,0,0,0,0,0
0.666666666667,0,0,0,0,0,0
0.733333333333,0,0,0,0,0,0
0.8,0,0,0,0,0,0
0.866666666667,0,0,0,0,0,0
0.933333333333,0,0,0,0,0,0
1,0,0,0,0,0,0
1.06666666667,0,0,0,0,0,0
1.13333333333,0,0,0,0,0,0
1.2,0,0,0,0,0,0
1.26666666667,0,0,0,0,0,0
1.33333333333,0,0,0,0,0,0
1.4,0,0,0,0,0,0
1.46666666667,0,0,0,0,0,0
1.53333333333,0,0,0,0,0,0
1.6,0,0,0,0,0,0
1.66666666667,0,0,0,0,0,0
1.73333333333,0,0,0,0,0,0
1.8,0,0,0,0,0,0
1.86666666667,0,0,0,0,0,0
1.93333333333,0,0,0,0,0,0
2,0,0,0,0,0,0
2.06666666667,8.88717831682e-08,0,0,0,0,0
2.13333333333,1.37303254534e-06,0,0,0,0,0
2.2,6.70424486898e-06,0,0,0,0,0
2.26666666667,2.04130707437e-05,0,0,0,0,0
2.33333333333,4.79560573242e-05,0,0,0,0,0
2.4,9.55755149566e-05,0,0,0,0,0
2.46666666667,0.000169975448521,0,0,0,0,0
2.53333333333,0.000278016882485,0,0,0,0,0
2.6,0.00042643548183,0,0,0,0,0
2.66666666667,0.000621584017869,0,0,0,0,0
2.73333333333,0.000869201862619,0,0,0,0,0
2.8,0.00117421332059,0,0,0,0,0
2.86666666667,0.00154055622536,0,0,0,0,0
2.93333333333,0.00197104184304,0,0,0,0,0
3,0.00246724673802,0,0,0,0,0
3.06666666667,0.00302943687201,0,0,0,0,0
3.13333333333,0.00365652382655,0,0,0,0,0
3.2,0.00434605266612,0,0,0,0,0
3.26666666667,0.00509422059528,0,0,0,0,0
3.33333333333,0.00589592521194,0,0,0,0,0
3.4,0.00674484082204,0,0,0,0,0
3.46666666667,0.00763352096157,0,0,0,0,0
3.53333333333,0.00855352497134,0,0,0,0,0
3.6,0.00949556619095,0,0,0,0,0
3.66666666667,0.0104496790834,0,0,0,0,0
3.73333333333,0.0114054023708,0,0,0,0,0
3.8,0.0123519750586,0,0,0,0,0
3.86666666667,0.0132785420517,0,0,0,0,0
3.93333333333,0.0141743659182,0,0,0,0,0
4,0.0150290412452,0,0,0,0,0
4.06666666667,0.0158327079469,0,0,0,0,0
4.13333333333,0.0165762598355,0,0,0,0,0
4.2,0.0172515447491,0,0,0,0,0
4.26666666667,0.0178515525485,0,0,0,0,0
4.33333333333,0.0183705873453,0,0,0,0,0
4.4,0.0188044204064,0,0,0,0,0
4.46666666667,0.0191504203015,0,0,0,0,0
4.53333333333,0.019407657009,0,0,0,0,0
4.6,0.0195769768791,0,0,0,0,0
4.66666666667,0.0196610455685,0,0,0,0,0
4.73333333333,0.019664356308,0,0,0,0,0
4.8,0.0195932011356,0,0,0,0,0
4.86666666667,0.0194556030339,0,0,0,0,0
4.93333333333,0.0192612072371,0,0,0,0,0
5,0.0190211303259,0,0,0,0,0
5.06666666667,0.0187456397898,0,0,0,0,0
5.13333333333,0.0184372630318,0,0,0,0,0
5.2,0.0180965410493,0,0,0,0,0
5.26666666667,0.0177240715846,0,0,0,0,0
5.33333333333,0.0173205080757,0,0,0,0,0
5.4,0.01688655851,0,0,0,0,0
5.46666666667,0.0164229841827,0,0,0,0,0
5.53333333333,0.0159305983605,0,0,0,0,0
5.6,0.0154102648555,0,0,0,0,0
5.66666666667,0.0148628965095,0,0,0,0,0
5.73333333333,0.0142894535927,0,0,0,0,0
5.8,0.0136909421186,0,0,0,0,0
5.86666666667,0.0130684120798,0,0,0,0,0
5.93333333333,0.0124229556056,0,0,0,0,0
6,0.0117557050458,0,0,0,0,0
6.06666666667,0.0110678309849,0,0,0,0,0
6.13333333333,0.0103605401875,0,0,0,0,0
6.2,0.00963507348203,0,0,0,0,0
6.26666666667,0.0088927035837,0,0,0,0,0
6.33333333333,0.00813473286152,0,0,0,0,0
6.4,0.00736249105369,0,0,0,0,0
6.46666666667,0.00657733293477,0,0,0,0,0
6.53333333333,0.00578063593889,0,0,0,0,0
6.6,0.0049737977433,0,0,0,0,0
6.66666666667,0.00415823381636,0,0,0,0,0
6.73333333333,0.00333537493432,0,0,0,0,0
6.8,0.00250666467129,0,0,0,0,0
6.86666666667,0.00167355686665,0,0,0,0,0
6.93333333333,0.000837513074584,0,0,0,0,0
7,2.44929359829e-18,0,0,0,0,0
7.06666666667,-0.000837513074584,0,0,0,0,0
7.13333333333,-0.00167355686665,0,0,0,0,0
7.2,-0.00250666467129,0,0,0,0,0
7.26666666667,-0.00333537493432,0,0,0,0,0
7.33333333333,-0.00415823381636,0,0,0,0,0
7.4,-0.0049737977433,0,0,0,0,0
7.46666666667,-0.00578063593889,0,0,0,0,0
7.53333333333,-0.00657733293477,0,0,0,0,0
7.6,-0.00736249105369,0,0,0,0,0
7.66666666667,-0.00813473286152,0,0,0,0,0
7.73333333333,-0.0088927035837,0,0,0,0,0
7.8,-0.00963507348203,0,0,0,0,0
7.86666666667,-0.0103605401875,0,0,0,0,0
7.93333333333,-0.0110678309849,0,0,0,0,0
8,-0.0117557050458,0,0,0,0,0
8.06666666667,-0.0124229556056,0,0,0,0,0
8.13333333333,-0.0130684120798,0,0,0,0,0
8.2,-0.0136909421186,0,0,0,0,0
8.26666666667,-0.0142894535927,0,0,0,0,0
8.33333333333,-0.0148628965095,0,0,0,0,0
8.4,-0.0154102648555,0,0,0,0,0
8.46666666667,-0.0159305983605,0,0,0,0,0
8.53333333333,-0.0164229841827,0,0,0,0,0
8.6,-0.01688655851,0,0,0,0,0
8.66666666667,-0.0173205080757,0,0,0,0,0
8.73333333333,-0.0177240715846,0,0,0,0,0
8.8,-0.0180965410493,0,0,0,0,0
8.86666666667,-0.0184372630318,0,0,0,0,0
8.93333333333,-0.0187456397898,0,0,0,0,0
9,-0.0190211303259,0,0,0,0,0
9.06666666667,-0.019263251336,0,0,0,0,0
9.13333333333,-0.0194715780575,0,0,0,0,0
9.2,-0.0196457450146,0,0,0,0,0
9.26666666667,-0.0197854466593,0,0,0,0,0
9.33333333333,-0.0198904379074,0,0,0,0,0
9.4,-0.0199605345686,0,0,0,0,0
9.46666666667,-0.0199956136695,0,0,0,0,0
9.53333333333,-0.0199956136695,0,0,0,0,0
9.6,-0.0199605345686,0,0,0,0,0
9.66666666667,-0.0198904379074,0,0,0,0,0
9.73333333333,-0.0197854466593,0,0,0,0,0
9.8,-0.0196457450146,0,0,0,0,0
9.86666666667,-0.0194715780575,0,0,0,0,0
9.93333333333,-0.019263251336,0,0,0,0,0
10,-0.0190211303259,0,0,0,0,0
10.0666666667,-0.0187456397898,0,0,0,0,0
10.1333333333,-0.0184372630318,0,0,0,0,0
10.2,-0.0180965410493,0,0,0,0,0
10.2666666667,-0.0177240715846,0,0,0,0,0
10.3333333333,-0.0173205080757,0,0,0,0,0
10.4,-0.01688655851,0,0,0,0,0
10.4666666667,-0.0164229841827,0,0,0,0,0
10.5333333333,-0.0159305983605,0,0,0,0,0
10.6,-0.0154102648555,0,0,0,0,0
10.6666666667,-0.0148628965095,0,0,0,0,0
10.7333333333,-0.0142894535927,0,0,0,0,0
10.8,-0.0136909421186,0,0,0,0,0
10.8666666667,-0.0130684120798,0,0,0,0,0
10.9333333333,-0.0124229556056,0,0,0,0,0
11,-0.0117557050458,0,0,0,0,0
11.0666666667,-0.0110678309849,0,0,0,0,0
11.1333333333,-0.0103605401875,0,0,0,0,0
11.2,-0.00963507348203,0,0,0,0,0
11.2666666667,-0.0088927035837,0,0,0,0,0
11.3333333333,-0.00813473286152,0,0,0,0,0
11.4,-0.00736249105369,0,0,0,0,0
11.4666666667,-0.00657733293477,0,0,0,0,0
11.5333333333,-0.00578063593889,0,0,0,0,0
11.6,-0.0049737977433,0,0,0,0,0
11.6666666667,-0.00415823381636,0,0,0,0,0
11.7333333333,-0.00333537493432,0,0,0,0,0
11.8,-0.00250666467129,0,0,0,0,0
11.8666666667,-0.00167355686665,0,0,0,0,0
11.9333333333,-0.000837513074584,0,0,0,0,0
12,-4.89858719659e-18,0,0,0,0,0
12.0666666667,0.000837513074584,0,0,0,0,0
12.1333333333,0.00167355686665,0,0,0,0,0
12.2,0.00250666467129,0,0,0,0,0
12.2666666667,0.00333537493432,0,0,0,0,0
12.3333333333,0.00415823381636,0,0,0,0,0
12.4,0.0049737977433,0,0,0,0,0
12.4666666667,0.00578063593889,0,0,0,0,0
12.5333333333,0.00657733293477,0,0,0,0,0
12.6,0.00736249105369,0,0,0,0,0
12.6666666667,0.00813473286152,0,0,0,0,0
12.7333333333,0.0088927035837,0,0,0,0,0
12.8,0.00963507348203,0,0,0,0,0
12.8666666667,0.0103605401875,0,0,0,0,0
12.9333333333,0.0110678309849,0,0,0,0,0
13,0.0117557050458,0,0,0,0,0
13.0666666667,0.0124229556056,0,0,0,0,0
13.1333333333,0.0130684120798,0,0,0,0,0
13.2,0.0136909421186,0,0,0,0,0
13.2666666667,0.0142894535927,0,0,0,0,0
13.3333333333,0.0148628965095,0,0,0,0,0
13.4,0.0154102648555,0,0,0,0,0
13.4666666667,0.0159305983605,0,0,0,0,0
13.5333333333,0.0164229841827,0,0,0,0,0
13.6,0.01688655851,0,0,0,0,0
13.6666666667,0.0173205080757,0,0,0,0,0
13.7333333333,0.0177240715846,0,0,0,0,0
13.8,0.0180965410493,0,0,0,0,0
13.8666666667,0.0184372630318,0,0,0,0,0
13.9333333333,0.0187456397898,0,0,0,0,0
14,0.0190211303259,0,0,0,0,0
14.0666666667,0.019263251336,0,0,0,0,0
14.1333333333,0.0194715780575,0,0,0,0,0
14.2,0.0196457450146,0,0,0,0,0
14.2666666667,0.0197854466593,0,0,0,0,0
14.3333333333,0.0198904379074,0,0,0,0,0
14.4,0.0199605345686,0,0,0,0,0
14.4666666667,0.0199956136695,0,0,0,0,0
14.5333333333,0.0199956136695,0,0,0,0,0
14.6,0.0199605345686,0,0,0,0,0
14.6666666667,0.0198904379074,0,0,0,0,0
14.7333333333,0.0197854466593,0,0,0,0,0
14.8,0.0196457450146,0,0,0,0,0
14.8666666667,0.0194715780575,0,0,0,0,0
14.9333333333,0.019263251336,0,0,0,0,0
15,0.0190211303259,0,0,0,0,0
15.0666666667,0.0187456397898,0,0,0,0,0
15.1333333333,0.0184372630318,0,0,0,0,0
15.2,0.0180965410493,0,0,0,0,0
15.2666666667,0.0177240715846,0,0,0,0,0
15.3333333333,0.0173205080757,0,0,0,0,0
15.4,0.01688655851,0,0,0,0,0
15.4666666667,0.0164229841827,0,0,0,0,0
15.5333333333,0.0159305983605,0,0,0,0,0
15.6,0.0154102648555,0,0,0,0,0
15.6666666667,0.0148628965095,0,0,0,0,0
15.7333333333,0.0142894535927,0,0,0,0,0
15.8,0.0136909421186,0,0,0,0,0
15.8666666667,0.0130684120798,0,0,0,0,0
15.9333333333,0.0124229556056,0,0,0,0,0
16,0.0117557050458,0,0,0,0,0
16.0666666667,0.0110678309849,0,0,0,0,0
16.1333333333,0.0103605401875,0,0,0,0,0
16.2,0.00963507348203,0,0,0,0,0
16.2666666667,0.0088927035837,0,0,0,0,0
16.3333333333,0.00813473286152,0,0,0,0,0
16.4,0.00736249105369,0,0,0,0,0
16.4666666667,0.00657733293477,0,0,0,0,0
16.5333333333,0.00578063593889,0,0,0,0,0
16.6,0.0049737977433,0,0,0,0,0
16.6666666667,0.00415823381636,0,0,0,0,0
16.7333333333,0.00333537493432,0,0,0,0,0
16.8,0.00250666467129,0,0,0,0,0
16.8666666667,0.00167355686665,0,0,0,0,0
16.9333333333,0.000837513074584,0,0,0,0,0
17,7.34788079488e-18,0,0,0,0,0
17.0666666667,-0.000837513074584,0,0,0,0,0
17.1333333333,-0.00167355686665,0,0,0,0,0
17.2,-0.00250666467129,0,0,0,0,0
17.2666666667,-0.00333537493432,0,0,0,0,0
17.3333333333,-0.00415823381636,0,0,0,0,0
17.4,-0.0049737977433,0,0,0,0,0
17.4666666667,-0.00578063593889,0,0,0,0,0
17.5333333333,-0.00657733293477,0,0,0,0,0
17.6,-0.00736249105369,0,0,0,0,0
17.6666666667,-0.00813473286152,0,0,0,0,0
17.7333333333,-0.0088927035837,0,0,0,0,0
17.8,-0.00963507348203,0,0,0,0,0
17.8666666667,-0.0103605401875,0,0,0,0,0
17.9333333333,-0.0110678309849,0,0,0,0,0
18,-0.0117557050458,0,0,0,0,0
18.0666666667,-0.0124229556056,0,0,0,0,0
18.1333333333,-0.0130684120798,0,0,0,0,0
18.2,-0.0136909421186,0,0,0,0,0
18.2666666667,-0.0142894535927,0,0,0,0,0
18.3333333333,-0.0148628965095,0,0,0,0,0
18.4,-0.0154102648555,0,0,0,0,0
18.4666666667,-0.0159305983605,0,0,0,0,0
18.5333333333,-0.0164229841827,0,0,0,0,0
18.6,-0.01688655851,0,0,0,0,0
18.6666666667,-0.0173205080757,0,0,0,0,0
18.7333333333,-0.0177240715846,0,0,0,0,0
18.8,-0.0180965410493,0,0,0,0,0
18.8666666667,-0.0184372630318,0,0,0,0,0
18.9333333333,-0.0187456397898,0,0,0,0,0
19,-0.0190211303259,0,0,0,0,0
19.0666666667,-0.0192612072371,0,0,0,0,0
19.1333333333,-0.0194556030339,0,0,0,0,0
19.2,-0.0195932011356,0,0,0,0,0
19.2666666667,-0.019664356308,0,0,0,0,0
19.3333333333,-0.0196610455685,0,0,0,0,0
19.4,-0.0195769768791,0,0,0,0,0
19.4666666667,-0.019407657009,0,0,0,0,0
19.5333333333,-0.0191504203015,0,0,0,0,0
19.6,-0.0188044204064,0,0,0,0,0
19.6666666667,-0.0183705873453,0,0,0,0,0
19.7333333333,-0.0178515525485,0,0,0,0,0
19.8,-0.0172515447491,0,0,0,0,0
19.8666666667,-0.0165762598355,0,0,0,0,0
19.9333333333,-0.0158327079469,0,0,0,0,0
20,-0.0150290412452,0,0,0,0,0
20.0666666667,-0.0141743659182,0,0,0,0,0
20.1333333333,-0.0132785420517,0,0,0,0,0
20.2,-0.0123519750586,0,0,0,0,0
20.2666666667,-0.0114054023708,0,0,0,0,0
20.3333333333,-0.0104496790834,0,0,0,0,0
20.4,-0.00949556619095,0,0,0,0,0
20.4666666667,-0.00855352497134,0,0,0,0,0
20.5333333333,-0.00763352096157,0,0,0,0,0
20.6,-0.00674484082204,0,0,0,0,0
20.6666666667,-0.00589592521194,0,0,0,0,0
20.7333333333,-0.00509422059528,0,0,0,0,0
20.8,-0.00434605266612,0,0,0,0,0
20.8666666667,-0.00365652382655,0,0,0,0,0
20.9333333333,-0.00302943687201,0,0,0,0,0
21,-0.00246724673802,0,0,0,0,0
21.0666666667,-0.00197104184304,0,0,0,0,0
21.1333333333,-0.00154055622536,0,0,0,0,0
21.2,-0.00117421332059,0,0,0,0,0
21.2666666667,-0.000869201862619,0,0,0,0,0
21.3333333333,-0.000621584017869,0,0,0,0,0
21.4,-0.00042643548183,0,0,0,0,0
21.4666666667,-0.000278016882485,0,0,0,0,0
21.5333333333,-0.000169975448521,0,0,0,0,0
21.6,-9.55755149566e-05,0,0,0,0,0
21.6666666667,-4.79560573242e-05,0,0,0,0,0
21.7333333333,-2.04130707437e-05,0,0,0,0,0
21.8,-6.70424486898e-06,0,0,0,0,0
21.8666666667,-1.37303254534e-06,0,0,0,0,0
21.9333333333,-8.88717831682e-08,0,0,0,0,0
22,0,0,0,0,0,0
22.0666666667,0,0,0,0,0,0
22.1333333333,0,0,0,0,0,0
22.2,0,0,0,0,0,0
22.2666666667,0,0,0,0,0,0
22.3333333333,0,0,0,0,0,0
22.4,0,0,0,0,0,0
22.4666666667,0,0,0,0,0,0
22.5333333333,0,0,0,0,0,0
22.6,0,0,0,0,0,0
22.6666666667,0,0,0,0,0,0
22.7333333333,0,0,0,0,0,0
22.8,0,0,0,0,0,0
22.8666666667,0,0,0,0,0,0
22.9333333333,0,0,0,0,0,0
23,0,0,0,0,0,0
23.0666666667,0,0,0,0,0,0
23.1333333333,0,0,0,0,0,0
23.2,0,0,0,0,0,0
23.2666666667,0,0,0,0,0,0
23.3333333333,0,0,0,0,0,0
23.4,0,0,0,0,0,0
23.4666666667,0,0,0,0,0,0
23.5333333333,0,0,0,0,0,0
23.6,0,0,0,0,0,0
23.6666666667,0,0,0,0,0,0
23.7333333333,0,0,0,0,0,0
23.8,0,0,0,0,0,0
23.8666666667,0,0,0,0,0,0
23.9333333333,0,0,0,0,0,0
24,0,0,0,0,0,0
